"tumor","n_T_cells","PDCD1","LAG3","HAVCR2","TIGIT","TOX","PDCD1_pct","LAG3_pct","HAVCR2_pct","TIGIT_pct","TOX_pct"
"53",72,1.20246527777778,0.794575972222222,1.49193069444444,1.91574166666667,1.02658569444444,22.2222222222222,20.8333333333333,77.7777777777778,37.5,33.3333333333333
"58",117,2.22978811965812,1.37800888888889,2.58120316239316,3.14128205128205,1.51342205128205,42.7350427350427,34.1880341880342,82.9059829059829,53.8461538461538,39.3162393162393
"59",0,NA,NA,NA,NA,NA,NA,NA,NA,NA,NA
"60",79,1.94061772151899,1.26983075949367,2.42016974683544,3.45340974683544,1.74834088607595,34.1772151898734,34.1772151898734,70.8860759493671,63.2911392405063,40.5063291139241
"65",41,2.40828292682927,1.14610365853659,1.59810048780488,2.55500073170732,1.48731707317073,39.0243902439024,29.2682926829268,58.5365853658537,51.219512195122,34.1463414634146
"67",65,1.08991384615385,0.523736923076923,3.60472384615385,2.35061846153846,1.37549230769231,20,12.3076923076923,80,47.6923076923077,35.3846153846154
"71",23,2.54368260869565,1.81569130434783,2.48859782608696,2.96758260869565,1.66963130434783,39.1304347826087,34.7826086956522,82.6086956521739,52.1739130434783,43.4782608695652
"72",117,0.395323076923077,0.142611965811966,1.14788145299145,0.882345897435897,0.580547008547009,7.69230769230769,2.56410256410256,66.6666666666667,18.8034188034188,15.3846153846154
"74",118,2.72067288135593,1.8410686440678,3.14727576271186,3.8607643220339,2.38554711864407,47.4576271186441,45.7627118644068,74.5762711864407,67.7966101694915,54.2372881355932
"75",338,3.45256094674556,2.2579009112426,4.21503843195266,4.48710290236686,2.34412491420118,66.5680473372781,65.3846153846154,97.9289940828402,81.3609467455621,67.7514792899408
"78",1,0,0,0.42008,0,0,0,0,100,0,0
"79",295,4.19343528813559,1.12820722033898,3.45846084508475,3.20185518644068,3.0697306779661,72.5423728813559,31.5254237288136,74.5762711864407,62.7118644067797,75.2542372881356
"80",212,3.420555,0.961971037735849,2.21989429245283,3.44811429245283,2.23541816037736,63.6792452830189,28.3018867924528,81.6037735849057,66.5094339622642,64.1509433962264
"81",43,1.07081395348837,0.283660465116279,1.51615558139535,2.04396511627907,0.98423023255814,16.2790697674419,6.97674418604651,86.046511627907,37.2093023255814,20.9302325581395
"82",24,1.57812083333333,0.133295833333333,2.25873791666667,2.76087916666667,0.714015416666667,25,4.16666666666667,75,50,33.3333333333333
"84",59,1.85674915254237,1.17537627118644,1.6439393220339,2.73394220338983,1.50825101694915,32.2033898305085,28.8135593220339,64.4067796610169,50.8474576271186,35.5932203389831
"88",109,2.02991275229358,1.11838458715596,1.87373583486239,2.45838128440367,1.26713908256881,40.3669724770642,34.8623853211009,77.0642201834862,46.7889908256881,34.8623853211009
"89",201,2.79614278606965,1.40632751243781,3.18355174129353,3.12271786069652,2.29812328358209,50.7462686567164,43.2835820895522,83.0845771144279,62.1890547263682,56.2189054726368
"94",126,0.747379444444444,0.20837126984127,0.962760079365079,1.36217325396825,0.745647658730159,16.6666666666667,6.34920634920635,76.984126984127,28.5714285714286,21.4285714285714
