"tumor","n_T_cells","PDCD1_pct","LAG3_pct","HAVCR2_pct","TIGIT_pct","TOX_pct"
"53",72,22.2222222222222,20.8333333333333,77.7777777777778,37.5,33.3333333333333
"58",117,42.7350427350427,34.1880341880342,82.9059829059829,53.8461538461538,39.3162393162393
"59",0,NA,NA,NA,NA,NA
"60",79,34.1772151898734,34.1772151898734,70.8860759493671,63.2911392405063,40.5063291139241
"65",41,39.0243902439024,29.2682926829268,58.5365853658537,51.219512195122,34.1463414634146
"67",65,20,12.3076923076923,80,47.6923076923077,35.3846153846154
"71",23,39.1304347826087,34.7826086956522,82.6086956521739,52.1739130434783,43.4782608695652
"72",117,7.69230769230769,2.56410256410256,66.6666666666667,18.8034188034188,15.3846153846154
"74",118,47.4576271186441,45.7627118644068,74.5762711864407,67.7966101694915,54.2372881355932
"75",338,66.5680473372781,65.3846153846154,97.9289940828402,81.3609467455621,67.7514792899408
"78",1,0,0,100,0,0
"79",295,72.5423728813559,31.5254237288136,74.5762711864407,62.7118644067797,75.2542372881356
"80",212,63.6792452830189,28.3018867924528,81.6037735849057,66.5094339622642,64.1509433962264
"81",43,16.2790697674419,6.97674418604651,86.046511627907,37.2093023255814,20.9302325581395
"82",24,25,4.16666666666667,75,50,33.3333333333333
"84",59,32.2033898305085,28.8135593220339,64.4067796610169,50.8474576271186,35.5932203389831
"88",109,40.3669724770642,34.8623853211009,77.0642201834862,46.7889908256881,34.8623853211009
"89",201,50.7462686567164,43.2835820895522,83.0845771144279,62.1890547263682,56.2189054726368
"94",126,16.6666666666667,6.34920634920635,76.984126984127,28.5714285714286,21.4285714285714
