"","0","1","2","3","4","5","6"
"53",23.7762237762238,50.3496503496504,0,8.39160839160839,7.69230769230769,2.7972027972028,6.99300699300699
"58",11.2676056338028,83.0985915492958,1.40845070422535,1.40845070422535,0,0,2.8169014084507
"59",88.5714285714286,0,0,1.42857142857143,0,10,0
"60",15.0442477876106,36.283185840708,42.4778761061947,1.76991150442478,0,0,4.42477876106195
"65",22.2222222222222,68.2539682539683,7.93650793650794,1.58730158730159,0,0,0
"67",10.5263157894737,68.4210526315789,20,0,0,0,1.05263157894737
"71",71.9101123595506,25.8426966292135,0,2.24719101123596,0,0,0
"72",15.4696132596685,64.6408839779006,19.3370165745856,0,0,0,0.552486187845304
"74",6.80272108843537,80.2721088435374,8.84353741496599,3.40136054421769,0,0,0.680272108843537
"75",0.290697674418605,99.4186046511628,0,0.290697674418605,0,0,0
"78",97.7099236641221,0.763358778625954,0.763358778625954,0,0,0.763358778625954,0
"79",56.8080357142857,33.9285714285714,8.81696428571429,0,0.223214285714286,0.111607142857143,0.111607142857143
"80",33.9583333333333,44.1666666666667,10.2083333333333,0,6.04166666666667,4.79166666666667,0.833333333333333
"81",76.0975609756098,21.4634146341463,1.46341463414634,0,0.975609756097561,0,0
"82",55.952380952381,28.5714285714286,1.19047619047619,4.76190476190476,0,7.14285714285714,2.38095238095238
"84",24.5283018867925,38.3647798742138,15.7232704402516,15.7232704402516,0.628930817610063,0.628930817610063,4.40251572327044
"88",48.7179487179487,31.9088319088319,4.55840455840456,11.6809116809117,0,0.56980056980057,2.56410256410256
"89",29.4736842105263,42.3157894736842,22.3157894736842,5.47368421052632,0.210526315789474,0,0.210526315789474
"94",36.2637362637363,35.4395604395604,17.8571428571429,0.549450549450549,5.21978021978022,4.3956043956044,0.274725274725275
