"gene","T_cell_mean","malignant_mean","T_cells_detected","malignant_cells_detected"
"PDCD1",2.59620695098039,0.0442773985680191,969,19
"CD274",0.163704764705882,0.144104439140811,97,90
"PDCD1LG2",0.0535817990196078,0.0325293436754177,39,19
"LAG3",1.22106991078431,0.0174306603023071,695,9
"HAVCR2",2.72606033593137,0.414674128878282,1636,597
"TIGIT",3.057741775,0.0391253937947494,1177,25
"TOX",1.93212823823529,0.0520835600636436,1034,44
"CTLA4",1.75456466666667,0.0700822593476531,860,37
"GZMB",1.55190750980392,0.0301308512330947,462,15
"IFNG",1.67669319607843,0.0192934526650756,622,10
