"tumor","n_T_cells","PDCD1","LAG3","HAVCR2","TIGIT","TOX"
"53",72,1.20246527777778,0.794575972222222,1.49193069444444,1.91574166666667,1.02658569444444
"58",117,2.22978811965812,1.37800888888889,2.58120316239316,3.14128205128205,1.51342205128205
"59",0,NA,NA,NA,NA,NA
"60",79,1.94061772151899,1.26983075949367,2.42016974683544,3.45340974683544,1.74834088607595
"65",41,2.40828292682927,1.14610365853659,1.59810048780488,2.55500073170732,1.48731707317073
"67",65,1.08991384615385,0.523736923076923,3.60472384615385,2.35061846153846,1.37549230769231
"71",23,2.54368260869565,1.81569130434783,2.48859782608696,2.96758260869565,1.66963130434783
"72",117,0.395323076923077,0.142611965811966,1.14788145299145,0.882345897435897,0.580547008547009
"74",118,2.72067288135593,1.8410686440678,3.14727576271186,3.8607643220339,2.38554711864407
"75",338,3.45256094674556,2.2579009112426,4.21503843195266,4.48710290236686,2.34412491420118
"78",1,0,0,0.42008,0,0
"79",295,4.19343528813559,1.12820722033898,3.45846084508475,3.20185518644068,3.0697306779661
"80",212,3.420555,0.961971037735849,2.21989429245283,3.44811429245283,2.23541816037736
"81",43,1.07081395348837,0.283660465116279,1.51615558139535,2.04396511627907,0.98423023255814
"82",24,1.57812083333333,0.133295833333333,2.25873791666667,2.76087916666667,0.714015416666667
"84",59,1.85674915254237,1.17537627118644,1.6439393220339,2.73394220338983,1.50825101694915
"88",109,2.02991275229358,1.11838458715596,1.87373583486239,2.45838128440367,1.26713908256881
"89",201,2.79614278606965,1.40632751243781,3.18355174129353,3.12271786069652,2.29812328358209
"94",126,0.747379444444444,0.20837126984127,0.962760079365079,1.36217325396825,0.745647658730159
